{
  "site_id": "site-fi-001",
  "points": [
    {
      "ts_utc": "2025-10-22T17:25:10Z",
      "device_id": "dev-001",
      "batch_id": "FEG-2026-001",
      "metrics": {
        "temp_c": 20.36,
        "rh_pct": 45.4,
        "nh3_ppm": 6.8,
        "co2_ppm": 1023,
        "water_lpm": 9.78
      }
    },
    {
      "ts_utc": "2025-10-22T17:35:10Z",
      "device_id": "dev-001",
      "batch_id": "FEG-2026-001",
      "metrics": {
        "temp_c": 19.96,
        "rh_pct": 63.8,
        "nh3_ppm": 10.3,
        "co2_ppm": 1143,
        "water_lpm": 17.66
      }
    },
    {
      "ts_utc": "2025-10-22T17:45:10Z",
      "device_id": "dev-001",
      "batch_id": "FEG-2026-001",
      "metrics": {
        "temp_c": 19.02,
        "rh_pct": 58.3,
        "nh3_ppm": 4.7,
        "co2_ppm": 727,
        "water_lpm": 9.68
      }
    },
    {
      "ts_utc": "2025-10-22T17:55:10Z",
      "device_id": "dev-001",
      "batch_id": "FEG-2026-001",
      "metrics": {
        "temp_c": 22.08,
        "rh_pct": 47.2,
        "nh3_ppm": 10.6,
        "co2_ppm": 805,
        "water_lpm": 13.03
      }
    },
    {
      "ts_utc": "2025-10-22T18:05:10Z",
      "device_id": "dev-001",
      "batch_id": "FEG-2026-001",
      "metrics": {
        "temp_c": 20.34,
        "rh_pct": 56.1,
        "nh3_ppm": 8.4,
        "co2_ppm": 1141,
        "water_lpm": 11.39
      }
    },
    {
      "ts_utc": "2025-10-22T18:15:10Z",
      "device_id": "dev-001",
      "batch_id": "FEG-2026-001",
      "metrics": {
        "temp_c": 19.3,
        "rh_pct": 63.4,
        "nh3_ppm": 5.9,
        "co2_ppm": 1172,
        "water_lpm": 14.83
      }
    },
    {
      "ts_utc": "2025-10-22T18:25:10Z",
      "device_id": "dev-001",
      "batch_id": "FEG-2026-001",
      "metrics": {
        "temp_c": 20.29,
        "rh_pct": 61.1,
        "nh3_ppm": 8.4,
        "co2_ppm": 1092,
        "water_lpm": 9.37
      }
    },
    {
      "ts_utc": "2025-10-22T18:35:10Z",
      "device_id": "dev-001",
      "batch_id": "FEG-2026-001",
      "metrics": {
        "temp_c": 20.18,
        "rh_pct": 60.2,
        "nh3_ppm": 5.8,
        "co2_ppm": 644,
        "water_lpm": 8.04
      }
    },
    {
      "ts_utc": "2025-10-22T18:45:10Z",
      "device_id": "dev-001",
      "batch_id": "FEG-2026-001",
      "metrics": {
        "temp_c": 21.54,
        "rh_pct": 47.9,
        "nh3_ppm": 5.1,
        "co2_ppm": 663,
        "water_lpm": 9.9
      }
    },
    {
      "ts_utc": "2025-10-22T18:55:10Z",
      "device_id": "dev-001",
      "batch_id": "FEG-2026-001",
      "metrics": {
        "temp_c": 22.64,
        "rh_pct": 61.7,
        "nh3_ppm": 11.4,
        "co2_ppm": 1129,
        "water_lpm": 15.08
      }
    },
    {
      "ts_utc": "2025-10-22T19:05:10Z",
      "device_id": "dev-001",
      "batch_id": "FEG-2026-001",
      "metrics": {
        "temp_c": 21.92,
        "rh_pct": 62.1,
        "nh3_ppm": 9.0,
        "co2_ppm": 656,
        "water_lpm": 7.49
      }
    },
    {
      "ts_utc": "2025-10-22T19:15:10Z",
      "device_id": "dev-001",
      "batch_id": "FEG-2026-001",
      "metrics": {
        "temp_c": 21.48,
        "rh_pct": 58.8,
        "nh3_ppm": 9.8,
        "co2_ppm": 619,
        "water_lpm": 12.49
      }
    },
    {
      "ts_utc": "2025-10-22T19:25:10Z",
      "device_id": "dev-001",
      "batch_id": "FEG-2026-001",
      "metrics": {
        "temp_c": 20.69,
        "rh_pct": 50.3,
        "nh3_ppm": 11.5,
        "co2_ppm": 768,
        "water_lpm": 12.03
      }
    },
    {
      "ts_utc": "2025-10-22T19:35:10Z",
      "device_id": "dev-001",
      "batch_id": "FEG-2026-001",
      "metrics": {
        "temp_c": 22.27,
        "rh_pct": 64.2,
        "nh3_ppm": 6.9,
        "co2_ppm": 1164,
        "water_lpm": 17.95
      }
    },
    {
      "ts_utc": "2025-10-22T19:45:10Z",
      "device_id": "dev-001",
      "batch_id": "FEG-2026-001",
      "metrics": {
        "temp_c": 19.16,
        "rh_pct": 60.5,
        "nh3_ppm": 5.0,
        "co2_ppm": 660,
        "water_lpm": 13.22
      }
    },
    {
      "ts_utc": "2025-10-22T19:55:10Z",
      "device_id": "dev-001",
      "batch_id": "FEG-2026-001",
      "metrics": {
        "temp_c": 20.46,
        "rh_pct": 54.0,
        "nh3_ppm": 4.9,
        "co2_ppm": 1007,
        "water_lpm": 11.38
      }
    },
    {
      "ts_utc": "2025-10-22T20:05:10Z",
      "device_id": "dev-001",
      "batch_id": "FEG-2026-001",
      "metrics": {
        "temp_c": 19.19,
        "rh_pct": 58.0,
        "nh3_ppm": 10.2,
        "co2_ppm": 674,
        "water_lpm": 7.48
      }
    },
    {
      "ts_utc": "2025-10-22T20:15:10Z",
      "device_id": "dev-001",
      "batch_id": "FEG-2026-001",
      "metrics": {
        "temp_c": 22.88,
        "rh_pct": 46.7,
        "nh3_ppm": 9.7,
        "co2_ppm": 1089,
        "water_lpm": 17.52
      }
    },
    {
      "ts_utc": "2025-10-22T20:25:10Z",
      "device_id": "dev-001",
      "batch_id": "FEG-2026-001",
      "metrics": {
        "temp_c": 22.32,
        "rh_pct": 56.5,
        "nh3_ppm": 7.1,
        "co2_ppm": 731,
        "water_lpm": 11.36
      }
    },
    {
      "ts_utc": "2025-10-22T20:35:10Z",
      "device_id": "dev-001",
      "batch_id": "FEG-2026-001",
      "metrics": {
        "temp_c": 22.99,
        "rh_pct": 54.3,
        "nh3_ppm": 6.0,
        "co2_ppm": 612,
        "water_lpm": 16.44
      }
    },
    {
      "ts_utc": "2025-10-22T20:45:10Z",
      "device_id": "dev-001",
      "batch_id": "FEG-2026-001",
      "metrics": {
        "temp_c": 20.58,
        "rh_pct": 64.7,
        "nh3_ppm": 7.2,
        "co2_ppm": 621,
        "water_lpm": 16.57
      }
    },
    {
      "ts_utc": "2025-10-22T20:55:10Z",
      "device_id": "dev-001",
      "batch_id": "FEG-2026-001",
      "metrics": {
        "temp_c": 20.39,
        "rh_pct": 46.7,
        "nh3_ppm": 8.8,
        "co2_ppm": 839,
        "water_lpm": 11.38
      }
    },
    {
      "ts_utc": "2025-10-22T21:05:10Z",
      "device_id": "dev-001",
      "batch_id": "FEG-2026-001",
      "metrics": {
        "temp_c": 22.43,
        "rh_pct": 54.7,
        "nh3_ppm": 10.3,
        "co2_ppm": 748,
        "water_lpm": 8.76
      }
    },
    {
      "ts_utc": "2025-10-22T21:15:10Z",
      "device_id": "dev-001",
      "batch_id": "FEG-2026-001",
      "metrics": {
        "temp_c": 21.73,
        "rh_pct": 48.3,
        "nh3_ppm": 10.2,
        "co2_ppm": 808,
        "water_lpm": 15.29
      }
    },
    {
      "ts_utc": "2025-10-22T21:25:10Z",
      "device_id": "dev-001",
      "batch_id": "FEG-2026-001",
      "metrics": {
        "temp_c": 22.07,
        "rh_pct": 50.9,
        "nh3_ppm": 9.9,
        "co2_ppm": 1077,
        "water_lpm": 12.46
      }
    },
    {
      "ts_utc": "2025-10-22T21:35:10Z",
      "device_id": "dev-001",
      "batch_id": "FEG-2026-001",
      "metrics": {
        "temp_c": 19.09,
        "rh_pct": 49.7,
        "nh3_ppm": 10.7,
        "co2_ppm": 891,
        "water_lpm": 10.15
      }
    },
    {
      "ts_utc": "2025-10-22T21:45:10Z",
      "device_id": "dev-001",
      "batch_id": "FEG-2026-001",
      "metrics": {
        "temp_c": 21.23,
        "rh_pct": 55.5,
        "nh3_ppm": 10.9,
        "co2_ppm": 715,
        "water_lpm": 10.67
      }
    },
    {
      "ts_utc": "2025-10-22T21:55:10Z",
      "device_id": "dev-001",
      "batch_id": "FEG-2026-001",
      "metrics": {
        "temp_c": 19.72,
        "rh_pct": 60.1,
        "nh3_ppm": 4.3,
        "co2_ppm": 682,
        "water_lpm": 17.73
      }
    },
    {
      "ts_utc": "2025-10-22T22:05:10Z",
      "device_id": "dev-001",
      "batch_id": "FEG-2026-001",
      "metrics": {
        "temp_c": 22.45,
        "rh_pct": 51.5,
        "nh3_ppm": 10.5,
        "co2_ppm": 613,
        "water_lpm": 9.27
      }
    },
    {
      "ts_utc": "2025-10-22T22:15:10Z",
      "device_id": "dev-001",
      "batch_id": "FEG-2026-001",
      "metrics": {
        "temp_c": 20.7,
        "rh_pct": 61.7,
        "nh3_ppm": 6.9,
        "co2_ppm": 1100,
        "water_lpm": 14.66
      }
    },
    {
      "ts_utc": "2025-10-22T22:25:10Z",
      "device_id": "dev-001",
      "batch_id": "FEG-2026-001",
      "metrics": {
        "temp_c": 21.4,
        "rh_pct": 61.3,
        "nh3_ppm": 5.4,
        "co2_ppm": 707,
        "water_lpm": 17.5
      }
    },
    {
      "ts_utc": "2025-10-22T22:35:10Z",
      "device_id": "dev-001",
      "batch_id": "FEG-2026-001",
      "metrics": {
        "temp_c": 21.89,
        "rh_pct": 60.6,
        "nh3_ppm": 5.6,
        "co2_ppm": 1002,
        "water_lpm": 7.63
      }
    },
    {
      "ts_utc": "2025-10-22T22:45:10Z",
      "device_id": "dev-001",
      "batch_id": "FEG-2026-001",
      "metrics": {
        "temp_c": 19.91,
        "rh_pct": 53.3,
        "nh3_ppm": 5.4,
        "co2_ppm": 766,
        "water_lpm": 14.16
      }
    },
    {
      "ts_utc": "2025-10-22T22:55:10Z",
      "device_id": "dev-001",
      "batch_id": "FEG-2026-001",
      "metrics": {
        "temp_c": 20.14,
        "rh_pct": 49.2,
        "nh3_ppm": 12.0,
        "co2_ppm": 1139,
        "water_lpm": 8.39
      }
    },
    {
      "ts_utc": "2025-10-22T23:05:10Z",
      "device_id": "dev-001",
      "batch_id": "FEG-2026-001",
      "metrics": {
        "temp_c": 21.28,
        "rh_pct": 57.1,
        "nh3_ppm": 7.8,
        "co2_ppm": 706,
        "water_lpm": 10.51
      }
    },
    {
      "ts_utc": "2025-10-22T23:15:10Z",
      "device_id": "dev-001",
      "batch_id": "FEG-2026-001",
      "metrics": {
        "temp_c": 21.55,
        "rh_pct": 53.1,
        "nh3_ppm": 8.9,
        "co2_ppm": 974,
        "water_lpm": 8.27
      }
    },
    {
      "ts_utc": "2025-10-22T23:25:10Z",
      "device_id": "dev-001",
      "batch_id": "FEG-2026-001",
      "metrics": {
        "temp_c": 19.2,
        "rh_pct": 50.1,
        "nh3_ppm": 4.5,
        "co2_ppm": 804,
        "water_lpm": 7.78
      }
    },
    {
      "ts_utc": "2025-10-22T23:35:10Z",
      "device_id": "dev-001",
      "batch_id": "FEG-2026-001",
      "metrics": {
        "temp_c": 21.69,
        "rh_pct": 61.7,
        "nh3_ppm": 10.2,
        "co2_ppm": 924,
        "water_lpm": 7.72
      }
    },
    {
      "ts_utc": "2025-10-22T23:45:10Z",
      "device_id": "dev-001",
      "batch_id": "FEG-2026-001",
      "metrics": {
        "temp_c": 22.71,
        "rh_pct": 57.0,
        "nh3_ppm": 7.0,
        "co2_ppm": 714,
        "water_lpm": 10.91
      }
    },
    {
      "ts_utc": "2025-10-22T23:55:10Z",
      "device_id": "dev-001",
      "batch_id": "FEG-2026-001",
      "metrics": {
        "temp_c": 21.06,
        "rh_pct": 52.8,
        "nh3_ppm": 11.0,
        "co2_ppm": 986,
        "water_lpm": 16.61
      }
    },
    {
      "ts_utc": "2025-10-23T00:05:10Z",
      "device_id": "dev-001",
      "batch_id": "FEG-2026-001",
      "metrics": {
        "temp_c": 19.08,
        "rh_pct": 52.8,
        "nh3_ppm": 9.3,
        "co2_ppm": 853,
        "water_lpm": 11.27
      }
    },
    {
      "ts_utc": "2025-10-23T00:15:10Z",
      "device_id": "dev-001",
      "batch_id": "FEG-2026-001",
      "metrics": {
        "temp_c": 22.79,
        "rh_pct": 58.3,
        "nh3_ppm": 4.4,
        "co2_ppm": 1146,
        "water_lpm": 6.17
      }
    },
    {
      "ts_utc": "2025-10-23T00:25:10Z",
      "device_id": "dev-001",
      "batch_id": "FEG-2026-001",
      "metrics": {
        "temp_c": 21.45,
        "rh_pct": 49.3,
        "nh3_ppm": 5.1,
        "co2_ppm": 820,
        "water_lpm": 14.19
      }
    },
    {
      "ts_utc": "2025-10-23T00:35:10Z",
      "device_id": "dev-001",
      "batch_id": "FEG-2026-001",
      "metrics": {
        "temp_c": 20.55,
        "rh_pct": 55.9,
        "nh3_ppm": 9.9,
        "co2_ppm": 829,
        "water_lpm": 14.28
      }
    },
    {
      "ts_utc": "2025-10-23T00:45:10Z",
      "device_id": "dev-001",
      "batch_id": "FEG-2026-001",
      "metrics": {
        "temp_c": 21.63,
        "rh_pct": 48.2,
        "nh3_ppm": 6.4,
        "co2_ppm": 1137,
        "water_lpm": 12.3
      }
    },
    {
      "ts_utc": "2025-10-23T00:55:10Z",
      "device_id": "dev-001",
      "batch_id": "FEG-2026-001",
      "metrics": {
        "temp_c": 20.55,
        "rh_pct": 58.1,
        "nh3_ppm": 6.6,
        "co2_ppm": 768,
        "water_lpm": 17.73
      }
    },
    {
      "ts_utc": "2025-10-23T01:05:10Z",
      "device_id": "dev-001",
      "batch_id": "FEG-2026-001",
      "metrics": {
        "temp_c": 20.53,
        "rh_pct": 63.4,
        "nh3_ppm": 10.9,
        "co2_ppm": 1076,
        "water_lpm": 8.31
      }
    },
    {
      "ts_utc": "2025-10-23T01:15:10Z",
      "device_id": "dev-001",
      "batch_id": "FEG-2026-001",
      "metrics": {
        "temp_c": 20.99,
        "rh_pct": 63.7,
        "nh3_ppm": 11.9,
        "co2_ppm": 606,
        "water_lpm": 11.49
      }
    },
    {
      "ts_utc": "2025-10-23T01:25:10Z",
      "device_id": "dev-001",
      "batch_id": "FEG-2026-001",
      "metrics": {
        "temp_c": 22.91,
        "rh_pct": 52.7,
        "nh3_ppm": 7.9,
        "co2_ppm": 1004,
        "water_lpm": 17.77
      }
    },
    {
      "ts_utc": "2025-10-23T01:35:10Z",
      "device_id": "dev-001",
      "batch_id": "FEG-2026-001",
      "metrics": {
        "temp_c": 22.21,
        "rh_pct": 46.8,
        "nh3_ppm": 8.7,
        "co2_ppm": 872,
        "water_lpm": 17.64
      }
    },
    {
      "ts_utc": "2025-10-23T01:45:10Z",
      "device_id": "dev-001",
      "batch_id": "FEG-2026-001",
      "metrics": {
        "temp_c": 19.22,
        "rh_pct": 50.3,
        "nh3_ppm": 4.4,
        "co2_ppm": 1186,
        "water_lpm": 11.83
      }
    },
    {
      "ts_utc": "2025-10-23T01:55:10Z",
      "device_id": "dev-001",
      "batch_id": "FEG-2026-001",
      "metrics": {
        "temp_c": 20.99,
        "rh_pct": 48.4,
        "nh3_ppm": 5.8,
        "co2_ppm": 1153,
        "water_lpm": 17.99
      }
    },
    {
      "ts_utc": "2025-10-23T02:05:10Z",
      "device_id": "dev-001",
      "batch_id": "FEG-2026-001",
      "metrics": {
        "temp_c": 19.27,
        "rh_pct": 47.7,
        "nh3_ppm": 4.1,
        "co2_ppm": 957,
        "water_lpm": 7.18
      }
    },
    {
      "ts_utc": "2025-10-23T02:15:10Z",
      "device_id": "dev-001",
      "batch_id": "FEG-2026-001",
      "metrics": {
        "temp_c": 21.64,
        "rh_pct": 63.9,
        "nh3_ppm": 11.4,
        "co2_ppm": 995,
        "water_lpm": 13.14
      }
    },
    {
      "ts_utc": "2025-10-23T02:25:10Z",
      "device_id": "dev-001",
      "batch_id": "FEG-2026-001",
      "metrics": {
        "temp_c": 21.66,
        "rh_pct": 53.0,
        "nh3_ppm": 8.9,
        "co2_ppm": 697,
        "water_lpm": 14.14
      }
    },
    {
      "ts_utc": "2025-10-23T02:35:10Z",
      "device_id": "dev-001",
      "batch_id": "FEG-2026-001",
      "metrics": {
        "temp_c": 20.01,
        "rh_pct": 48.2,
        "nh3_ppm": 6.6,
        "co2_ppm": 687,
        "water_lpm": 13.42
      }
    },
    {
      "ts_utc": "2025-10-23T02:45:10Z",
      "device_id": "dev-001",
      "batch_id": "FEG-2026-001",
      "metrics": {
        "temp_c": 20.2,
        "rh_pct": 60.8,
        "nh3_ppm": 11.2,
        "co2_ppm": 1147,
        "water_lpm": 9.53
      }
    },
    {
      "ts_utc": "2025-10-23T02:55:10Z",
      "device_id": "dev-001",
      "batch_id": "FEG-2026-001",
      "metrics": {
        "temp_c": 21.29,
        "rh_pct": 54.2,
        "nh3_ppm": 9.7,
        "co2_ppm": 1158,
        "water_lpm": 12.67
      }
    },
    {
      "ts_utc": "2025-10-23T03:05:10Z",
      "device_id": "dev-001",
      "batch_id": "FEG-2026-001",
      "metrics": {
        "temp_c": 19.64,
        "rh_pct": 62.0,
        "nh3_ppm": 4.6,
        "co2_ppm": 711,
        "water_lpm": 7.62
      }
    },
    {
      "ts_utc": "2025-10-23T03:15:10Z",
      "device_id": "dev-001",
      "batch_id": "FEG-2026-001",
      "metrics": {
        "temp_c": 22.23,
        "rh_pct": 63.0,
        "nh3_ppm": 4.8,
        "co2_ppm": 1179,
        "water_lpm": 7.27
      }
    },
    {
      "ts_utc": "2025-10-23T03:25:10Z",
      "device_id": "dev-001",
      "batch_id": "FEG-2026-001",
      "metrics": {
        "temp_c": 22.93,
        "rh_pct": 47.4,
        "nh3_ppm": 10.4,
        "co2_ppm": 1081,
        "water_lpm": 13.39
      }
    },
    {
      "ts_utc": "2025-10-23T03:35:10Z",
      "device_id": "dev-001",
      "batch_id": "FEG-2026-001",
      "metrics": {
        "temp_c": 21.55,
        "rh_pct": 51.3,
        "nh3_ppm": 8.2,
        "co2_ppm": 650,
        "water_lpm": 15.45
      }
    },
    {
      "ts_utc": "2025-10-23T03:45:10Z",
      "device_id": "dev-001",
      "batch_id": "FEG-2026-001",
      "metrics": {
        "temp_c": 22.82,
        "rh_pct": 49.2,
        "nh3_ppm": 10.9,
        "co2_ppm": 1055,
        "water_lpm": 7.48
      }
    },
    {
      "ts_utc": "2025-10-23T03:55:10Z",
      "device_id": "dev-001",
      "batch_id": "FEG-2026-001",
      "metrics": {
        "temp_c": 19.6,
        "rh_pct": 53.2,
        "nh3_ppm": 9.8,
        "co2_ppm": 933,
        "water_lpm": 10.79
      }
    },
    {
      "ts_utc": "2025-10-23T04:05:10Z",
      "device_id": "dev-001",
      "batch_id": "FEG-2026-001",
      "metrics": {
        "temp_c": 22.44,
        "rh_pct": 64.5,
        "nh3_ppm": 12.0,
        "co2_ppm": 810,
        "water_lpm": 8.76
      }
    },
    {
      "ts_utc": "2025-10-23T04:15:10Z",
      "device_id": "dev-001",
      "batch_id": "FEG-2026-001",
      "metrics": {
        "temp_c": 20.12,
        "rh_pct": 52.1,
        "nh3_ppm": 7.4,
        "co2_ppm": 994,
        "water_lpm": 16.44
      }
    },
    {
      "ts_utc": "2025-10-23T04:25:10Z",
      "device_id": "dev-001",
      "batch_id": "FEG-2026-001",
      "metrics": {
        "temp_c": 20.31,
        "rh_pct": 59.1,
        "nh3_ppm": 5.9,
        "co2_ppm": 825,
        "water_lpm": 17.14
      }
    },
    {
      "ts_utc": "2025-10-23T04:35:10Z",
      "device_id": "dev-001",
      "batch_id": "FEG-2026-001",
      "metrics": {
        "temp_c": 22.13,
        "rh_pct": 56.6,
        "nh3_ppm": 7.1,
        "co2_ppm": 676,
        "water_lpm": 6.01
      }
    },
    {
      "ts_utc": "2025-10-23T04:45:10Z",
      "device_id": "dev-001",
      "batch_id": "FEG-2026-001",
      "metrics": {
        "temp_c": 22.02,
        "rh_pct": 47.3,
        "nh3_ppm": 5.2,
        "co2_ppm": 668,
        "water_lpm": 6.61
      }
    },
    {
      "ts_utc": "2025-10-23T04:55:10Z",
      "device_id": "dev-001",
      "batch_id": "FEG-2026-001",
      "metrics": {
        "temp_c": 21.31,
        "rh_pct": 57.2,
        "nh3_ppm": 6.2,
        "co2_ppm": 1169,
        "water_lpm": 13.34
      }
    },
    {
      "ts_utc": "2025-10-23T05:05:10Z",
      "device_id": "dev-001",
      "batch_id": "FEG-2026-001",
      "metrics": {
        "temp_c": 19.73,
        "rh_pct": 53.0,
        "nh3_ppm": 7.1,
        "co2_ppm": 995,
        "water_lpm": 15.64
      }
    },
    {
      "ts_utc": "2025-10-23T05:15:10Z",
      "device_id": "dev-001",
      "batch_id": "FEG-2026-001",
      "metrics": {
        "temp_c": 19.11,
        "rh_pct": 55.9,
        "nh3_ppm": 8.8,
        "co2_ppm": 902,
        "water_lpm": 9.17
      }
    },
    {
      "ts_utc": "2025-10-23T05:25:10Z",
      "device_id": "dev-001",
      "batch_id": "FEG-2026-001",
      "metrics": {
        "temp_c": 21.05,
        "rh_pct": 63.5,
        "nh3_ppm": 11.1,
        "co2_ppm": 1039,
        "water_lpm": 10.25
      }
    },
    {
      "ts_utc": "2025-10-23T05:35:10Z",
      "device_id": "dev-001",
      "batch_id": "FEG-2026-001",
      "metrics": {
        "temp_c": 20.4,
        "rh_pct": 56.2,
        "nh3_ppm": 10.6,
        "co2_ppm": 995,
        "water_lpm": 13.52
      }
    },
    {
      "ts_utc": "2025-10-23T05:45:10Z",
      "device_id": "dev-001",
      "batch_id": "FEG-2026-001",
      "metrics": {
        "temp_c": 19.41,
        "rh_pct": 61.4,
        "nh3_ppm": 7.4,
        "co2_ppm": 722,
        "water_lpm": 17.91
      }
    },
    {
      "ts_utc": "2025-10-23T05:55:10Z",
      "device_id": "dev-001",
      "batch_id": "FEG-2026-001",
      "metrics": {
        "temp_c": 21.06,
        "rh_pct": 60.6,
        "nh3_ppm": 7.5,
        "co2_ppm": 1164,
        "water_lpm": 10.07
      }
    },
    {
      "ts_utc": "2025-10-23T06:05:10Z",
      "device_id": "dev-001",
      "batch_id": "FEG-2026-001",
      "metrics": {
        "temp_c": 22.78,
        "rh_pct": 50.2,
        "nh3_ppm": 11.1,
        "co2_ppm": 619,
        "water_lpm": 8.12
      }
    },
    {
      "ts_utc": "2025-10-23T06:15:10Z",
      "device_id": "dev-001",
      "batch_id": "FEG-2026-001",
      "metrics": {
        "temp_c": 21.54,
        "rh_pct": 45.9,
        "nh3_ppm": 10.1,
        "co2_ppm": 743,
        "water_lpm": 14.61
      }
    },
    {
      "ts_utc": "2025-10-23T06:25:10Z",
      "device_id": "dev-001",
      "batch_id": "FEG-2026-001",
      "metrics": {
        "temp_c": 20.6,
        "rh_pct": 45.5,
        "nh3_ppm": 6.1,
        "co2_ppm": 1039,
        "water_lpm": 7.36
      }
    },
    {
      "ts_utc": "2025-10-23T06:35:10Z",
      "device_id": "dev-001",
      "batch_id": "FEG-2026-001",
      "metrics": {
        "temp_c": 21.73,
        "rh_pct": 49.6,
        "nh3_ppm": 6.2,
        "co2_ppm": 834,
        "water_lpm": 10.08
      }
    },
    {
      "ts_utc": "2025-10-23T06:45:10Z",
      "device_id": "dev-001",
      "batch_id": "FEG-2026-001",
      "metrics": {
        "temp_c": 19.58,
        "rh_pct": 63.9,
        "nh3_ppm": 4.8,
        "co2_ppm": 785,
        "water_lpm": 8.87
      }
    },
    {
      "ts_utc": "2025-10-23T06:55:10Z",
      "device_id": "dev-001",
      "batch_id": "FEG-2026-001",
      "metrics": {
        "temp_c": 21.02,
        "rh_pct": 55.2,
        "nh3_ppm": 11.3,
        "co2_ppm": 721,
        "water_lpm": 6.76
      }
    },
    {
      "ts_utc": "2025-10-23T07:05:10Z",
      "device_id": "dev-001",
      "batch_id": "FEG-2026-001",
      "metrics": {
        "temp_c": 21.71,
        "rh_pct": 49.6,
        "nh3_ppm": 4.1,
        "co2_ppm": 1000,
        "water_lpm": 17.75
      }
    },
    {
      "ts_utc": "2025-10-23T07:15:10Z",
      "device_id": "dev-001",
      "batch_id": "FEG-2026-001",
      "metrics": {
        "temp_c": 21.08,
        "rh_pct": 51.0,
        "nh3_ppm": 6.4,
        "co2_ppm": 1130,
        "water_lpm": 6.44
      }
    },
    {
      "ts_utc": "2025-10-23T07:25:10Z",
      "device_id": "dev-001",
      "batch_id": "FEG-2026-001",
      "metrics": {
        "temp_c": 21.39,
        "rh_pct": 48.7,
        "nh3_ppm": 5.6,
        "co2_ppm": 675,
        "water_lpm": 14.6
      }
    },
    {
      "ts_utc": "2025-10-23T07:35:10Z",
      "device_id": "dev-001",
      "batch_id": "FEG-2026-001",
      "metrics": {
        "temp_c": 22.43,
        "rh_pct": 54.8,
        "nh3_ppm": 7.8,
        "co2_ppm": 1152,
        "water_lpm": 14.94
      }
    },
    {
      "ts_utc": "2025-10-23T07:45:10Z",
      "device_id": "dev-001",
      "batch_id": "FEG-2026-001",
      "metrics": {
        "temp_c": 21.5,
        "rh_pct": 52.4,
        "nh3_ppm": 8.8,
        "co2_ppm": 781,
        "water_lpm": 7.27
      }
    },
    {
      "ts_utc": "2025-10-23T07:55:10Z",
      "device_id": "dev-001",
      "batch_id": "FEG-2026-001",
      "metrics": {
        "temp_c": 20.13,
        "rh_pct": 62.8,
        "nh3_ppm": 7.2,
        "co2_ppm": 754,
        "water_lpm": 10.24
      }
    },
    {
      "ts_utc": "2025-10-23T08:05:10Z",
      "device_id": "dev-001",
      "batch_id": "FEG-2026-001",
      "metrics": {
        "temp_c": 19.11,
        "rh_pct": 60.6,
        "nh3_ppm": 7.9,
        "co2_ppm": 687,
        "water_lpm": 17.83
      }
    },
    {
      "ts_utc": "2025-10-23T08:15:10Z",
      "device_id": "dev-001",
      "batch_id": "FEG-2026-001",
      "metrics": {
        "temp_c": 21.05,
        "rh_pct": 57.5,
        "nh3_ppm": 7.9,
        "co2_ppm": 1058,
        "water_lpm": 17.22
      }
    },
    {
      "ts_utc": "2025-10-23T08:25:10Z",
      "device_id": "dev-001",
      "batch_id": "FEG-2026-001",
      "metrics": {
        "temp_c": 22.27,
        "rh_pct": 59.9,
        "nh3_ppm": 8.8,
        "co2_ppm": 1197,
        "water_lpm": 14.21
      }
    },
    {
      "ts_utc": "2025-10-23T08:35:10Z",
      "device_id": "dev-001",
      "batch_id": "FEG-2026-001",
      "metrics": {
        "temp_c": 19.99,
        "rh_pct": 45.2,
        "nh3_ppm": 11.5,
        "co2_ppm": 1109,
        "water_lpm": 10.85
      }
    },
    {
      "ts_utc": "2025-10-23T08:45:10Z",
      "device_id": "dev-001",
      "batch_id": "FEG-2026-001",
      "metrics": {
        "temp_c": 21.16,
        "rh_pct": 61.0,
        "nh3_ppm": 4.6,
        "co2_ppm": 855,
        "water_lpm": 16.49
      }
    },
    {
      "ts_utc": "2025-10-23T08:55:10Z",
      "device_id": "dev-001",
      "batch_id": "FEG-2026-001",
      "metrics": {
        "temp_c": 20.04,
        "rh_pct": 55.8,
        "nh3_ppm": 10.0,
        "co2_ppm": 650,
        "water_lpm": 12.5
      }
    },
    {
      "ts_utc": "2025-10-23T09:05:10Z",
      "device_id": "dev-001",
      "batch_id": "FEG-2026-001",
      "metrics": {
        "temp_c": 22.97,
        "rh_pct": 52.4,
        "nh3_ppm": 7.1,
        "co2_ppm": 1115,
        "water_lpm": 9.31
      }
    },
    {
      "ts_utc": "2025-10-23T09:15:10Z",
      "device_id": "dev-001",
      "batch_id": "FEG-2026-001",
      "metrics": {
        "temp_c": 21.93,
        "rh_pct": 49.4,
        "nh3_ppm": 8.4,
        "co2_ppm": 660,
        "water_lpm": 8.55
      }
    },
    {
      "ts_utc": "2025-10-23T09:25:10Z",
      "device_id": "dev-001",
      "batch_id": "FEG-2026-001",
      "metrics": {
        "temp_c": 21.61,
        "rh_pct": 58.9,
        "nh3_ppm": 9.5,
        "co2_ppm": 888,
        "water_lpm": 17.79
      }
    },
    {
      "ts_utc": "2025-10-23T09:35:10Z",
      "device_id": "dev-001",
      "batch_id": "FEG-2026-001",
      "metrics": {
        "temp_c": 21.0,
        "rh_pct": 55.6,
        "nh3_ppm": 8.8,
        "co2_ppm": 972,
        "water_lpm": 6.34
      }
    },
    {
      "ts_utc": "2025-10-23T09:45:10Z",
      "device_id": "dev-001",
      "batch_id": "FEG-2026-001",
      "metrics": {
        "temp_c": 22.93,
        "rh_pct": 48.4,
        "nh3_ppm": 8.4,
        "co2_ppm": 799,
        "water_lpm": 13.6
      }
    },
    {
      "ts_utc": "2025-10-23T09:55:10Z",
      "device_id": "dev-001",
      "batch_id": "FEG-2026-001",
      "metrics": {
        "temp_c": 21.42,
        "rh_pct": 51.7,
        "nh3_ppm": 11.4,
        "co2_ppm": 915,
        "water_lpm": 15.43
      }
    },
    {
      "ts_utc": "2025-10-23T10:05:10Z",
      "device_id": "dev-001",
      "batch_id": "FEG-2026-001",
      "metrics": {
        "temp_c": 20.92,
        "rh_pct": 54.6,
        "nh3_ppm": 10.8,
        "co2_ppm": 677,
        "water_lpm": 14.65
      }
    },
    {
      "ts_utc": "2025-10-23T10:15:10Z",
      "device_id": "dev-001",
      "batch_id": "FEG-2026-001",
      "metrics": {
        "temp_c": 22.79,
        "rh_pct": 47.0,
        "nh3_ppm": 7.7,
        "co2_ppm": 759,
        "water_lpm": 9.97
      }
    },
    {
      "ts_utc": "2025-10-23T10:25:10Z",
      "device_id": "dev-001",
      "batch_id": "FEG-2026-001",
      "metrics": {
        "temp_c": 20.29,
        "rh_pct": 58.2,
        "nh3_ppm": 7.9,
        "co2_ppm": 675,
        "water_lpm": 7.26
      }
    },
    {
      "ts_utc": "2025-10-23T10:35:10Z",
      "device_id": "dev-001",
      "batch_id": "FEG-2026-001",
      "metrics": {
        "temp_c": 20.34,
        "rh_pct": 63.2,
        "nh3_ppm": 5.7,
        "co2_ppm": 926,
        "water_lpm": 11.06
      }
    },
    {
      "ts_utc": "2025-10-23T10:45:10Z",
      "device_id": "dev-001",
      "batch_id": "FEG-2026-001",
      "metrics": {
        "temp_c": 20.92,
        "rh_pct": 51.0,
        "nh3_ppm": 5.8,
        "co2_ppm": 630,
        "water_lpm": 10.95
      }
    },
    {
      "ts_utc": "2025-10-23T10:55:10Z",
      "device_id": "dev-001",
      "batch_id": "FEG-2026-001",
      "metrics": {
        "temp_c": 20.34,
        "rh_pct": 61.3,
        "nh3_ppm": 9.8,
        "co2_ppm": 916,
        "water_lpm": 9.67
      }
    },
    {
      "ts_utc": "2025-10-23T11:05:10Z",
      "device_id": "dev-001",
      "batch_id": "FEG-2026-001",
      "metrics": {
        "temp_c": 19.05,
        "rh_pct": 63.5,
        "nh3_ppm": 9.8,
        "co2_ppm": 671,
        "water_lpm": 8.0
      }
    },
    {
      "ts_utc": "2025-10-23T11:15:10Z",
      "device_id": "dev-001",
      "batch_id": "FEG-2026-001",
      "metrics": {
        "temp_c": 20.8,
        "rh_pct": 62.8,
        "nh3_ppm": 10.7,
        "co2_ppm": 1121,
        "water_lpm": 9.43
      }
    },
    {
      "ts_utc": "2025-10-23T11:25:10Z",
      "device_id": "dev-001",
      "batch_id": "FEG-2026-001",
      "metrics": {
        "temp_c": 22.35,
        "rh_pct": 63.7,
        "nh3_ppm": 8.5,
        "co2_ppm": 776,
        "water_lpm": 12.71
      }
    },
    {
      "ts_utc": "2025-10-23T11:35:10Z",
      "device_id": "dev-001",
      "batch_id": "FEG-2026-001",
      "metrics": {
        "temp_c": 22.17,
        "rh_pct": 53.8,
        "nh3_ppm": 11.3,
        "co2_ppm": 686,
        "water_lpm": 14.8
      }
    },
    {
      "ts_utc": "2025-10-23T11:45:10Z",
      "device_id": "dev-001",
      "batch_id": "FEG-2026-001",
      "metrics": {
        "temp_c": 19.54,
        "rh_pct": 46.7,
        "nh3_ppm": 11.2,
        "co2_ppm": 616,
        "water_lpm": 16.26
      }
    },
    {
      "ts_utc": "2025-10-23T11:55:10Z",
      "device_id": "dev-001",
      "batch_id": "FEG-2026-001",
      "metrics": {
        "temp_c": 22.25,
        "rh_pct": 56.9,
        "nh3_ppm": 8.5,
        "co2_ppm": 726,
        "water_lpm": 15.96
      }
    },
    {
      "ts_utc": "2025-10-23T12:05:10Z",
      "device_id": "dev-001",
      "batch_id": "FEG-2026-001",
      "metrics": {
        "temp_c": 21.16,
        "rh_pct": 58.6,
        "nh3_ppm": 6.4,
        "co2_ppm": 795,
        "water_lpm": 15.34
      }
    },
    {
      "ts_utc": "2025-10-23T12:15:10Z",
      "device_id": "dev-001",
      "batch_id": "FEG-2026-001",
      "metrics": {
        "temp_c": 20.47,
        "rh_pct": 54.8,
        "nh3_ppm": 9.3,
        "co2_ppm": 1118,
        "water_lpm": 17.65
      }
    },
    {
      "ts_utc": "2025-10-23T12:25:10Z",
      "device_id": "dev-001",
      "batch_id": "FEG-2026-001",
      "metrics": {
        "temp_c": 21.04,
        "rh_pct": 50.8,
        "nh3_ppm": 9.2,
        "co2_ppm": 600,
        "water_lpm": 14.6
      }
    },
    {
      "ts_utc": "2025-10-23T12:35:10Z",
      "device_id": "dev-001",
      "batch_id": "FEG-2026-001",
      "metrics": {
        "temp_c": 22.06,
        "rh_pct": 63.8,
        "nh3_ppm": 6.1,
        "co2_ppm": 1025,
        "water_lpm": 14.94
      }
    },
    {
      "ts_utc": "2025-10-23T12:45:10Z",
      "device_id": "dev-001",
      "batch_id": "FEG-2026-001",
      "metrics": {
        "temp_c": 21.5,
        "rh_pct": 55.7,
        "nh3_ppm": 8.1,
        "co2_ppm": 849,
        "water_lpm": 10.6
      }
    },
    {
      "ts_utc": "2025-10-23T12:55:10Z",
      "device_id": "dev-001",
      "batch_id": "FEG-2026-001",
      "metrics": {
        "temp_c": 19.5,
        "rh_pct": 56.9,
        "nh3_ppm": 11.4,
        "co2_ppm": 1003,
        "water_lpm": 12.02
      }
    },
    {
      "ts_utc": "2025-10-23T13:05:10Z",
      "device_id": "dev-001",
      "batch_id": "FEG-2026-001",
      "metrics": {
        "temp_c": 22.0,
        "rh_pct": 56.3,
        "nh3_ppm": 11.5,
        "co2_ppm": 894,
        "water_lpm": 8.64
      }
    },
    {
      "ts_utc": "2025-10-23T13:15:10Z",
      "device_id": "dev-001",
      "batch_id": "FEG-2026-001",
      "metrics": {
        "temp_c": 21.37,
        "rh_pct": 45.0,
        "nh3_ppm": 5.2,
        "co2_ppm": 1067,
        "water_lpm": 7.58
      }
    },
    {
      "ts_utc": "2025-10-23T13:25:10Z",
      "device_id": "dev-001",
      "batch_id": "FEG-2026-001",
      "metrics": {
        "temp_c": 21.85,
        "rh_pct": 57.9,
        "nh3_ppm": 5.7,
        "co2_ppm": 732,
        "water_lpm": 8.57
      }
    },
    {
      "ts_utc": "2025-10-23T13:35:10Z",
      "device_id": "dev-001",
      "batch_id": "FEG-2026-001",
      "metrics": {
        "temp_c": 19.58,
        "rh_pct": 51.5,
        "nh3_ppm": 5.5,
        "co2_ppm": 792,
        "water_lpm": 17.03
      }
    },
    {
      "ts_utc": "2025-10-23T13:45:10Z",
      "device_id": "dev-001",
      "batch_id": "FEG-2026-001",
      "metrics": {
        "temp_c": 21.07,
        "rh_pct": 49.9,
        "nh3_ppm": 5.9,
        "co2_ppm": 1063,
        "water_lpm": 14.27
      }
    },
    {
      "ts_utc": "2025-10-23T13:55:10Z",
      "device_id": "dev-001",
      "batch_id": "FEG-2026-001",
      "metrics": {
        "temp_c": 20.01,
        "rh_pct": 55.0,
        "nh3_ppm": 5.1,
        "co2_ppm": 679,
        "water_lpm": 11.64
      }
    },
    {
      "ts_utc": "2025-10-23T14:05:10Z",
      "device_id": "dev-001",
      "batch_id": "FEG-2026-001",
      "metrics": {
        "temp_c": 20.05,
        "rh_pct": 57.2,
        "nh3_ppm": 9.2,
        "co2_ppm": 962,
        "water_lpm": 11.13
      }
    },
    {
      "ts_utc": "2025-10-23T14:15:10Z",
      "device_id": "dev-001",
      "batch_id": "FEG-2026-001",
      "metrics": {
        "temp_c": 20.52,
        "rh_pct": 61.2,
        "nh3_ppm": 5.9,
        "co2_ppm": 983,
        "water_lpm": 9.89
      }
    },
    {
      "ts_utc": "2025-10-23T14:25:10Z",
      "device_id": "dev-001",
      "batch_id": "FEG-2026-001",
      "metrics": {
        "temp_c": 19.23,
        "rh_pct": 50.3,
        "nh3_ppm": 9.1,
        "co2_ppm": 751,
        "water_lpm": 9.68
      }
    },
    {
      "ts_utc": "2025-10-23T14:35:10Z",
      "device_id": "dev-001",
      "batch_id": "FEG-2026-001",
      "metrics": {
        "temp_c": 22.22,
        "rh_pct": 46.2,
        "nh3_ppm": 9.9,
        "co2_ppm": 600,
        "water_lpm": 10.98
      }
    },
    {
      "ts_utc": "2025-10-23T14:45:10Z",
      "device_id": "dev-001",
      "batch_id": "FEG-2026-001",
      "metrics": {
        "temp_c": 21.01,
        "rh_pct": 48.2,
        "nh3_ppm": 9.2,
        "co2_ppm": 1149,
        "water_lpm": 14.05
      }
    },
    {
      "ts_utc": "2025-10-23T14:55:10Z",
      "device_id": "dev-001",
      "batch_id": "FEG-2026-001",
      "metrics": {
        "temp_c": 20.71,
        "rh_pct": 60.9,
        "nh3_ppm": 6.1,
        "co2_ppm": 974,
        "water_lpm": 10.05
      }
    },
    {
      "ts_utc": "2025-10-23T15:05:10Z",
      "device_id": "dev-001",
      "batch_id": "FEG-2026-001",
      "metrics": {
        "temp_c": 19.68,
        "rh_pct": 46.2,
        "nh3_ppm": 5.3,
        "co2_ppm": 1023,
        "water_lpm": 11.48
      }
    },
    {
      "ts_utc": "2025-10-23T15:15:10Z",
      "device_id": "dev-001",
      "batch_id": "FEG-2026-001",
      "metrics": {
        "temp_c": 19.17,
        "rh_pct": 60.0,
        "nh3_ppm": 4.3,
        "co2_ppm": 612,
        "water_lpm": 7.22
      }
    },
    {
      "ts_utc": "2025-10-23T15:25:10Z",
      "device_id": "dev-001",
      "batch_id": "FEG-2026-001",
      "metrics": {
        "temp_c": 19.19,
        "rh_pct": 62.7,
        "nh3_ppm": 10.6,
        "co2_ppm": 913,
        "water_lpm": 16.95
      }
    },
    {
      "ts_utc": "2025-10-23T15:35:10Z",
      "device_id": "dev-001",
      "batch_id": "FEG-2026-001",
      "metrics": {
        "temp_c": 22.3,
        "rh_pct": 56.5,
        "nh3_ppm": 11.8,
        "co2_ppm": 862,
        "water_lpm": 11.66
      }
    },
    {
      "ts_utc": "2025-10-23T15:45:10Z",
      "device_id": "dev-001",
      "batch_id": "FEG-2026-001",
      "metrics": {
        "temp_c": 21.31,
        "rh_pct": 48.7,
        "nh3_ppm": 7.9,
        "co2_ppm": 722,
        "water_lpm": 17.42
      }
    },
    {
      "ts_utc": "2025-10-23T15:55:10Z",
      "device_id": "dev-001",
      "batch_id": "FEG-2026-001",
      "metrics": {
        "temp_c": 20.18,
        "rh_pct": 51.5,
        "nh3_ppm": 8.4,
        "co2_ppm": 1108,
        "water_lpm": 8.03
      }
    },
    {
      "ts_utc": "2025-10-23T16:05:10Z",
      "device_id": "dev-001",
      "batch_id": "FEG-2026-001",
      "metrics": {
        "temp_c": 21.02,
        "rh_pct": 55.7,
        "nh3_ppm": 5.1,
        "co2_ppm": 1028,
        "water_lpm": 12.05
      }
    },
    {
      "ts_utc": "2025-10-23T16:15:10Z",
      "device_id": "dev-001",
      "batch_id": "FEG-2026-001",
      "metrics": {
        "temp_c": 19.02,
        "rh_pct": 54.9,
        "nh3_ppm": 5.1,
        "co2_ppm": 1087,
        "water_lpm": 6.71
      }
    },
    {
      "ts_utc": "2025-10-23T16:25:10Z",
      "device_id": "dev-001",
      "batch_id": "FEG-2026-001",
      "metrics": {
        "temp_c": 20.37,
        "rh_pct": 55.8,
        "nh3_ppm": 5.1,
        "co2_ppm": 966,
        "water_lpm": 15.37
      }
    },
    {
      "ts_utc": "2025-10-23T16:35:10Z",
      "device_id": "dev-001",
      "batch_id": "FEG-2026-001",
      "metrics": {
        "temp_c": 21.3,
        "rh_pct": 50.2,
        "nh3_ppm": 9.5,
        "co2_ppm": 669,
        "water_lpm": 8.99
      }
    },
    {
      "ts_utc": "2025-10-23T16:45:10Z",
      "device_id": "dev-001",
      "batch_id": "FEG-2026-001",
      "metrics": {
        "temp_c": 22.66,
        "rh_pct": 60.1,
        "nh3_ppm": 8.4,
        "co2_ppm": 1052,
        "water_lpm": 6.27
      }
    },
    {
      "ts_utc": "2025-10-23T16:55:10Z",
      "device_id": "dev-001",
      "batch_id": "FEG-2026-001",
      "metrics": {
        "temp_c": 21.6,
        "rh_pct": 47.1,
        "nh3_ppm": 9.2,
        "co2_ppm": 845,
        "water_lpm": 16.14
      }
    },
    {
      "ts_utc": "2025-10-23T17:05:10Z",
      "device_id": "dev-001",
      "batch_id": "FEG-2026-001",
      "metrics": {
        "temp_c": 20.4,
        "rh_pct": 58.5,
        "nh3_ppm": 10.9,
        "co2_ppm": 1030,
        "water_lpm": 16.42
      }
    },
    {
      "ts_utc": "2025-10-23T17:15:10Z",
      "device_id": "dev-001",
      "batch_id": "FEG-2026-001",
      "metrics": {
        "temp_c": 19.39,
        "rh_pct": 48.0,
        "nh3_ppm": 4.1,
        "co2_ppm": 1023,
        "water_lpm": 6.98
      }
    }
  ]
}